ticker,source,in_sp500_ever
A,sp500,yes
AABA,sp500,yes
AAL,sp500,yes
AAP,sp500,yes
AAPL,sp500,yes
ABBV,sp500,yes
ABC,sp500,yes
ABMD,sp500,yes
ABNB,sp500,yes
ABT,sp500,yes
ACGL,sp500,yes
ACHR,seed,no
ACN,sp500,yes
ADBE,sp500,yes
ADI,sp500,yes
ADM,sp500,yes
ADP,sp500,yes
ADS,sp500,yes
ADSK,sp500,yes
ADT,sp500,yes
AEE,sp500,yes
AEP,sp500,yes
AES,sp500,yes
AET,sp500,yes
AFL,sp500,yes
AGG,etf,no
AGN,sp500,yes
AIG,sp500,yes
AIV,sp500,yes
AIZ,sp500,yes
AJG,sp500,yes
AKAM,sp500,yes
ALAB,seed,no
ALB,sp500,yes
ALGN,sp500,yes
ALK,sp500,yes
ALL,sp500,yes
ALLE,sp500,yes
ALTR,sp500,yes
ALXN,sp500,yes
AMAT,sp500,yes
AMC,hand,no
AMCR,sp500,yes
AMD,sp500,yes
AME,sp500,yes
AMG,sp500,yes
AMGN,sp500,yes
AMP,sp500,yes
AMT,sp500,yes
AMTM,sp500,yes
AMZN,sp500,yes
AN,sp500,yes
ANDV,sp500,yes
ANET,sp500,yes
ANSS,sp500,yes
ANTM,sp500,yes
AON,sp500,yes
AOS,sp500,yes
APA,sp500,yes
APC,sp500,yes
APD,sp500,yes
APH,sp500,yes
APO,sp500,yes
APP,sp500,yes
APTV,sp500,yes
ARE,sp500,yes
ARES,sp500,yes
ARG,sp500,yes
ARNC,sp500,yes
ASTS,seed,no
ATI,sp500,yes
ATO,sp500,yes
ATVI,sp500,yes
AUR,seed,no
AVB,sp500,yes
AVGO,sp500,yes
AVY,sp500,yes
AWK,sp500,yes
AXON,sp500,yes
AXP,sp500,yes
AYI,sp500,yes
AZO,sp500,yes
BA,sp500,yes
BAC,sp500,yes
BALL,sp500,yes
BAX,sp500,yes
BBBY,sp500,yes
BBT,sp500,yes
BBWI,sp500,yes
BBY,sp500,yes
BCR,sp500,yes
BDX,sp500,yes
BE,seed,no
BEN,sp500,yes
BF.B,sp500,yes
BG,sp500,yes
BHF,sp500,yes
BHGE,sp500,yes
BIIB,sp500,yes
BIO,sp500,yes
BK,sp500,yes
BKNG,sp500,yes
BKR,sp500,yes
BLDR,sp500,yes
BLK,sp500,yes
BLL,sp500,yes
BMNR,seed,no
BMY,sp500,yes
BNY,sp500,yes
BR,sp500,yes
BRCM,sp500,yes
BRK.B,sp500,yes
BRO,sp500,yes
BSX,sp500,yes
BWA,sp500,yes
BX,sp500,yes
BXLT,sp500,yes
BXP,sp500,yes
C,sp500,yes
CA,sp500,yes
CAG,sp500,yes
CAH,sp500,yes
CAM,sp500,yes
CARR,sp500,yes
CASY,sp500,yes
CAT,sp500,yes
CB,sp500,yes
CBOE,sp500,yes
CBRE,sp500,yes
CBS,sp500,yes
CCE,sp500,yes
CCEP,sp500,yes
CCI,sp500,yes
CCL,sp500,yes
CDAY,sp500,yes
CDE,seed,no
CDNS,sp500,yes
CDW,sp500,yes
CE,sp500,yes
CEG,sp500,yes
CELG,sp500,yes
CERN,sp500,yes
CF,sp500,yes
CFG,sp500,yes
CHD,sp500,yes
CHK,sp500,yes
CHRW,sp500,yes
CHTR,sp500,yes
CI,sp500,yes
CIEN,sp500,yes
CIFR,seed,no
CINF,sp500,yes
CL,sp500,yes
CLX,sp500,yes
CMA,sp500,yes
CMCSA,sp500,yes
CMCSK,sp500,yes
CME,sp500,yes
CMG,sp500,yes
CMI,sp500,yes
CMS,sp500,yes
CNC,sp500,yes
CNP,sp500,yes
CNX,sp500,yes
COF,sp500,yes
COG,sp500,yes
COHR,sp500,yes
COIN,sp500,yes
COL,sp500,yes
COO,sp500,yes
COP,sp500,yes
COR,sp500,yes
COST,sp500,yes
COTY,sp500,yes
CPAY,sp500,yes
CPB,sp500,yes
CPGX,sp500,yes
CPRI,sp500,yes
CPRT,sp500,yes
CPT,sp500,yes
CRDO,seed,no
CRH,sp500,yes
CRL,sp500,yes
CRM,sp500,yes
CRWD,sp500,yes
CRWV,seed,no
CSCO,sp500,yes
CSGP,sp500,yes
CSRA,sp500,yes
CSX,sp500,yes
CTAS,sp500,yes
CTL,sp500,yes
CTLT,sp500,yes
CTRA,sp500,yes
CTSH,sp500,yes
CTVA,sp500,yes
CTXS,sp500,yes
CVC,sp500,yes
CVNA,sp500,yes
CVS,sp500,yes
CVX,sp500,yes
CXO,sp500,yes
CZR,sp500,yes
D,sp500,yes
DAL,sp500,yes
DASH,sp500,yes
DAY,sp500,yes
DD,sp500,yes
DDOG,sp500,yes
DE,sp500,yes
DECK,sp500,yes
DELL,sp500,yes
DFS,sp500,yes
DG,sp500,yes
DGX,sp500,yes
DHI,sp500,yes
DHR,sp500,yes
DIS,sp500,yes
DISCA,sp500,yes
DISCK,sp500,yes
DISH,sp500,yes
DLR,sp500,yes
DLTR,sp500,yes
DNB,sp500,yes
DO,sp500,yes
DOC,sp500,yes
DOV,sp500,yes
DOW,sp500,yes
DPZ,sp500,yes
DRE,sp500,yes
DRI,sp500,yes
DTE,sp500,yes
DTV,sp500,yes
DUK,sp500,yes
DVA,sp500,yes
DVN,sp500,yes
DWDP,sp500,yes
DXC,sp500,yes
DXCM,sp500,yes
EA,sp500,yes
EBAY,sp500,yes
ECL,sp500,yes
ED,sp500,yes
EEM,etf,no
EFA,etf,no
EFX,sp500,yes
EG,sp500,yes
EIX,sp500,yes
EL,sp500,yes
ELV,sp500,yes
EMC,sp500,yes
EME,sp500,yes
EMN,sp500,yes
EMR,sp500,yes
ENDP,sp500,yes
ENPH,sp500,yes
EOG,sp500,yes
EPAM,sp500,yes
EQIX,sp500,yes
EQR,sp500,yes
EQT,sp500,yes
ERIE,sp500,yes
ES,sp500,yes
ESRX,sp500,yes
ESS,sp500,yes
ESV,sp500,yes
ETFC,sp500,yes
ETN,sp500,yes
ETR,sp500,yes
ETSY,sp500,yes
EVHC,sp500,yes
EVRG,sp500,yes
EW,sp500,yes
EXC,sp500,yes
EXE,sp500,yes
EXPD,sp500,yes
EXPE,sp500,yes
EXR,sp500,yes
F,sp500,yes
FANG,sp500,yes
FAST,sp500,yes
FB,sp500,yes
FBHS,sp500,yes
FCPT,sp500,yes
FCX,sp500,yes
FDO,sp500,yes
FDS,sp500,yes
FDX,sp500,yes
FDXF,sp500,yes
FE,sp500,yes
FFIV,sp500,yes
FI,sp500,yes
FICO,sp500,yes
FIS,sp500,yes
FISV,sp500,yes
FITB,sp500,yes
FIX,sp500,yes
FL,sp500,yes
FLIR,sp500,yes
FLR,sp500,yes
FLS,sp500,yes
FLT,sp500,yes
FMC,sp500,yes
FOSL,sp500,yes
FOX,sp500,yes
FOXA,sp500,yes
FRC,sp500,yes
FRT,sp500,yes
FSLR,sp500,yes
FTCH,hand,no
FTI,sp500,yes
FTNT,sp500,yes
FTR,sp500,yes
FTV,sp500,yes
GAS,sp500,yes
GD,sp500,yes
GDDY,sp500,yes
GE,sp500,yes
GEHC,sp500,yes
GEN,sp500,yes
GEV,sp500,yes
GGP,sp500,yes
GILD,sp500,yes
GIS,sp500,yes
GL,sp500,yes
GLD,etf,no
GLW,sp500,yes
GM,sp500,yes
GMCR,sp500,yes
GME,sp500,yes
GNRC,sp500,yes
GNW,sp500,yes
GOOG,sp500,yes
GOOGL,sp500,yes
GPC,sp500,yes
GPN,sp500,yes
GPS,sp500,yes
GRMN,sp500,yes
GS,sp500,yes
GT,sp500,yes
GWW,sp500,yes
HAL,sp500,yes
HAR,sp500,yes
HAS,sp500,yes
HBAN,sp500,yes
HBI,sp500,yes
HCA,sp500,yes
HCBK,sp500,yes
HCP,sp500,yes
HD,sp500,yes
HES,sp500,yes
HFC,sp500,yes
HIG,sp500,yes
HII,sp500,yes
HL,seed,no
HLT,sp500,yes
HOG,sp500,yes
HOLX,sp500,yes
HON,sp500,yes
HOOD,sp500,yes
HOT,sp500,yes
HP,sp500,yes
HPE,sp500,yes
HPQ,sp500,yes
HRB,sp500,yes
HRL,sp500,yes
HRS,sp500,yes
HSIC,sp500,yes
HSP,sp500,yes
HST,sp500,yes
HSY,sp500,yes
HTZ,seed,no
HUBB,sp500,yes
HUM,sp500,yes
HWM,sp500,yes
IBKR,sp500,yes
IBM,sp500,yes
ICE,sp500,yes
IDXX,sp500,yes
IEX,sp500,yes
IFF,sp500,yes
ILMN,sp500,yes
INCY,sp500,yes
INFO,sp500,yes
INTC,sp500,yes
INTU,sp500,yes
INVH,sp500,yes
IP,sp500,yes
IPG,sp500,yes
IPGP,sp500,yes
IQV,sp500,yes
IR,sp500,yes
IREN,seed,no
IRM,sp500,yes
ISRG,sp500,yes
IT,sp500,yes
ITW,sp500,yes
IVZ,sp500,yes
IWM,etf,no
J,sp500,yes
JBHT,sp500,yes
JBL,sp500,yes
JCI,sp500,yes
JEC,sp500,yes
JEF,sp500,yes
JKHY,sp500,yes
JNJ,sp500,yes
JNPR,sp500,yes
JOY,sp500,yes
JPM,sp500,yes
JWN,sp500,yes
K,sp500,yes
KDP,sp500,yes
KEEL,seed,no
KEY,sp500,yes
KEYS,sp500,yes
KHC,sp500,yes
KIM,sp500,yes
KKR,sp500,yes
KLAC,sp500,yes
KMB,sp500,yes
KMI,sp500,yes
KMX,sp500,yes
KO,sp500,yes
KORS,sp500,yes
KR,sp500,yes
KRFT,sp500,yes
KSS,sp500,yes
KSU,sp500,yes
KVUE,sp500,yes
L,sp500,yes
LB,sp500,yes
LCID,hand,no
LDOS,sp500,yes
LEG,sp500,yes
LEN,sp500,yes
LH,sp500,yes
LHX,sp500,yes
LII,sp500,yes
LIN,sp500,yes
LITE,sp500,yes
LKQ,sp500,yes
LLL,sp500,yes
LLTC,sp500,yes
LLY,sp500,yes
LM,sp500,yes
LMT,sp500,yes
LNC,sp500,yes
LNT,sp500,yes
LO,sp500,yes
LOW,sp500,yes
LRCX,sp500,yes
LULU,sp500,yes
LUMN,sp500,yes
LUV,sp500,yes
LVLT,sp500,yes
LVS,sp500,yes
LW,sp500,yes
LYB,sp500,yes
LYV,sp500,yes
M,sp500,yes
MA,sp500,yes
MAA,sp500,yes
MAC,sp500,yes
MAR,sp500,yes
MARA,seed,no
MAS,sp500,yes
MAT,sp500,yes
MCD,sp500,yes
MCHP,sp500,yes
MCK,sp500,yes
MCO,sp500,yes
MDLZ,sp500,yes
MDT,sp500,yes
MET,sp500,yes
META,sp500,yes
MGM,sp500,yes
MHK,sp500,yes
MJN,sp500,yes
MKC,sp500,yes
MKTX,sp500,yes
MLM,sp500,yes
MMC,sp500,yes
MMM,sp500,yes
MNK,sp500,yes
MNST,sp500,yes
MO,sp500,yes
MOH,sp500,yes
MON,sp500,yes
MOS,sp500,yes
MPC,sp500,yes
MPWR,sp500,yes
MRK,sp500,yes
MRNA,sp500,yes
MRO,sp500,yes
MRSH,sp500,yes
MRVL,seed,no
MS,sp500,yes
MSCI,sp500,yes
MSFT,sp500,yes
MSI,sp500,yes
MSTR,seed,no
MTB,sp500,yes
MTCH,sp500,yes
MTD,sp500,yes
MU,sp500,yes
MUR,sp500,yes
MWV,sp500,yes
MXIM,sp500,yes
MYL,sp500,yes
NAVI,sp500,yes
NBIS,seed,no
NBL,sp500,yes
NCLH,sp500,yes
NDAQ,sp500,yes
NDSN,sp500,yes
NE,sp500,yes
NEE,sp500,yes
NEM,sp500,yes
NET,seed,no
NFLX,sp500,yes
NFX,sp500,yes
NI,sp500,yes
NKE,sp500,yes
NKLA,hand,no
NKTR,sp500,yes
NLOK,sp500,yes
NLSN,sp500,yes
NOC,sp500,yes
NOK,seed,no
NOV,sp500,yes
NOW,sp500,yes
NRG,sp500,yes
NSC,sp500,yes
NTAP,sp500,yes
NTRS,sp500,yes
NU,seed,no
NUE,sp500,yes
NVDA,sp500,yes
NVR,sp500,yes
NWL,sp500,yes
NWS,sp500,yes
NWSA,sp500,yes
NXPI,sp500,yes
O,sp500,yes
ODFL,sp500,yes
OGN,sp500,yes
OI,sp500,yes
OKE,sp500,yes
OMC,sp500,yes
ON,sp500,yes
ORCL,sp500,yes
ORLY,sp500,yes
OTIS,sp500,yes
OXY,sp500,yes
PANW,sp500,yes
PARA,sp500,yes
PAYC,sp500,yes
PAYX,sp500,yes
PBCT,sp500,yes
PBI,sp500,yes
PCAR,sp500,yes
PCG,sp500,yes
PCL,sp500,yes
PCP,sp500,yes
PDCO,sp500,yes
PEAK,sp500,yes
PEG,sp500,yes
PENN,sp500,yes
PEP,sp500,yes
PFE,sp500,yes
PFG,sp500,yes
PG,sp500,yes
PGR,sp500,yes
PH,sp500,yes
PHM,sp500,yes
PKG,sp500,yes
PKI,sp500,yes
PLD,sp500,yes
PLL,sp500,yes
PLTR,sp500,yes
PM,sp500,yes
PNC,sp500,yes
PNR,sp500,yes
PNW,sp500,yes
PODD,sp500,yes
POM,sp500,yes
POOL,sp500,yes
PPG,sp500,yes
PPL,sp500,yes
PRGO,sp500,yes
PRU,sp500,yes
PSA,sp500,yes
PSKY,sp500,yes
PSX,sp500,yes
PTC,sp500,yes
PTON,hand,no
PVH,sp500,yes
PWR,sp500,yes
PX,sp500,yes
PXD,sp500,yes
PYPL,sp500,yes
Q,sp500,yes
QCOM,sp500,yes
QEP,sp500,yes
QRVO,sp500,yes
R,sp500,yes
RAI,sp500,yes
RCL,sp500,yes
RDDT,seed,no
RE,sp500,yes
REG,sp500,yes
REGN,sp500,yes
RF,sp500,yes
RGTI,seed,no
RHI,sp500,yes
RHT,sp500,yes
RIDE,hand,no
RIG,sp500,yes
RIVN,seed,no
RJF,sp500,yes
RKLB,seed,no
RL,sp500,yes
RMD,sp500,yes
ROK,sp500,yes
ROL,sp500,yes
ROP,sp500,yes
ROST,sp500,yes
RRC,sp500,yes
RSG,sp500,yes
RTN,sp500,yes
RTX,sp500,yes
RVTY,sp500,yes
SATS,sp500,yes
SBAC,sp500,yes
SBNY,sp500,yes
SBUX,sp500,yes
SCG,sp500,yes
SCHW,sp500,yes
SE,sp500,yes
SEDG,sp500,yes
SEE,sp500,yes
SHOP,seed,no
SHW,sp500,yes
SIAL,sp500,yes
SIG,sp500,yes
SIVB,sp500,yes
SJM,sp500,yes
SLB,sp500,yes
SLG,sp500,yes
SMCI,sp500,yes
SMR,seed,no
SNA,sp500,yes
SNAP,seed,no
SNDK,sp500,yes
SNI,sp500,yes
SNOW,seed,no
SNPS,sp500,yes
SO,sp500,yes
SOC,seed,no
SOFI,seed,no
SOLS,sp500,yes
SOLV,sp500,yes
SPCX,seed,no
SPG,sp500,yes
SPGI,sp500,yes
SPLS,sp500,yes
SPOT,seed,no
SPY,etf,no
SRCL,sp500,yes
SRE,sp500,yes
STE,sp500,yes
STI,sp500,yes
STJ,sp500,yes
STLD,sp500,yes
STT,sp500,yes
STX,sp500,yes
STZ,sp500,yes
SW,sp500,yes
SWK,sp500,yes
SWKS,sp500,yes
SWN,sp500,yes
SYF,sp500,yes
SYK,sp500,yes
SYMC,sp500,yes
SYY,sp500,yes
T,sp500,yes
TAP,sp500,yes
TDC,sp500,yes
TDG,sp500,yes
TDY,sp500,yes
TE,sp500,yes
TECH,sp500,yes
TEG,sp500,yes
TEL,sp500,yes
TER,sp500,yes
TFC,sp500,yes
TFX,sp500,yes
TGNA,sp500,yes
TGT,sp500,yes
THC,sp500,yes
TIF,sp500,yes
TJX,sp500,yes
TKO,sp500,yes
TLT,etf,no
TMK,sp500,yes
TMO,sp500,yes
TMUS,sp500,yes
TPL,sp500,yes
TPR,sp500,yes
TRGP,sp500,yes
TRIP,sp500,yes
TRMB,sp500,yes
TROW,sp500,yes
TRV,sp500,yes
TSCO,sp500,yes
TSLA,sp500,yes
TSN,sp500,yes
TSS,sp500,yes
TT,sp500,yes
TTD,sp500,yes
TTWO,sp500,yes
TWC,sp500,yes
TWTR,sp500,yes
TWX,sp500,yes
TXN,sp500,yes
TXT,sp500,yes
TYL,sp500,yes
UA,sp500,yes
UAA,sp500,yes
UAL,sp500,yes
UBER,sp500,yes
UDR,sp500,yes
UHS,sp500,yes
ULTA,sp500,yes
UNH,sp500,yes
UNM,sp500,yes
UNP,sp500,yes
UPS,sp500,yes
URBN,sp500,yes
URI,sp500,yes
USB,sp500,yes
UTX,sp500,yes
V,sp500,yes
VAR,sp500,yes
VEEV,sp500,yes
VFC,sp500,yes
VIAB,sp500,yes
VIAC,sp500,yes
VICI,sp500,yes
VLO,sp500,yes
VLTO,sp500,yes
VMC,sp500,yes
VNO,sp500,yes
VNT,sp500,yes
VRSK,sp500,yes
VRSN,sp500,yes
VRT,sp500,yes
VRTX,sp500,yes
VST,sp500,yes
VTR,sp500,yes
VTRS,sp500,yes
VZ,sp500,yes
WAB,sp500,yes
WAT,sp500,yes
WBA,sp500,yes
WBD,sp500,yes
WCG,sp500,yes
WDAY,sp500,yes
WDC,sp500,yes
WE,hand,no
WEC,sp500,yes
WELL,sp500,yes
WFC,sp500,yes
WFM,sp500,yes
WHR,sp500,yes
WISH,hand,no
WLTW,sp500,yes
WM,sp500,yes
WMB,sp500,yes
WMT,sp500,yes
WRB,sp500,yes
WRK,sp500,yes
WSM,sp500,yes
WST,sp500,yes
WTW,sp500,yes
WU,sp500,yes
WULF,seed,no
WY,sp500,yes
WYND,sp500,yes
WYNN,sp500,yes
XEC,sp500,yes
XEL,sp500,yes
XL,sp500,yes
XLB,etf,no
XLC,etf,no
XLE,etf,no
XLF,etf,no
XLI,etf,no
XLK,etf,no
XLNX,sp500,yes
XLP,etf,no
XLRE,etf,no
XLU,etf,no
XLV,etf,no
XLY,etf,no
XOM,sp500,yes
XRAY,sp500,yes
XRX,sp500,yes
XYL,sp500,yes
XYZ,sp500,yes
YUM,sp500,yes
ZBH,sp500,yes
ZBRA,sp500,yes
ZION,sp500,yes
ZTS,sp500,yes
